lambda,sigma,opt,phase,prr,simple_error,maxmin_error
0.0,0.0,570622918.9188758,1141075937.7382307,570622918.9188758,0.0,0.0
0.25,0.0,570622918.9188758,1380660557.559536,652116207.3216705,0.0,0.0
0.5,0.0,570622918.9188758,1267497885.9409573,760773925.1920457,0.0,0.0
0.75,0.0,570622918.9188758,1095511911.1147337,912894730.210532,0.0,0.0
1.0,0.0,570622918.9188758,1050642761.1961772,1141075937.7382305,0.0,0.0
0.0,0.0,570622918.9188758,1141075937.7382307,570622918.9188758,0.0,0.0
0.25,0.0,570622918.9188758,1296395030.3757696,652116207.3216705,0.0,0.0
0.5,0.0,570622918.9188758,1121361452.7795033,760773925.1920457,0.0,0.0
0.75,0.0,570622918.9188758,1030884207.8267857,912894730.210532,0.0,0.0
1.0,0.0,570622918.9188758,1036297210.9153572,1141075937.7382305,0.0,0.0
0.0,0.0,570622918.9188758,1141075937.7382307,570622918.9188758,0.0,0.0
0.25,0.0,570622918.9188758,1376353681.0083206,652116207.3216705,0.0,0.0
0.5,0.0,570622918.9188758,1255873393.5054543,760773925.1920457,0.0,0.0
0.75,0.0,570622918.9188758,1094128867.5243678,912894730.210532,0.0,0.0
1.0,0.0,570622918.9188758,1075054060.566984,1141075937.7382305,0.0,0.0
0.0,0.0,570622918.9188758,1141075937.7382307,570622918.9188758,0.0,0.0
0.25,0.0,570622918.9188758,1364169307.914416,652116207.3216705,0.0,0.0
0.5,0.0,570622918.9188758,1321777877.8097672,760773925.1920457,0.0,0.0
0.75,0.0,570622918.9188758,1199114523.370963,912894730.210532,0.0,0.0
1.0,0.0,570622918.9188758,1070710407.7499127,1141075937.7382305,0.0,0.0
0.0,0.0,570622918.9188758,1141075937.7382307,570622918.9188758,0.0,0.0
0.25,0.0,570622918.9188758,1095205536.988547,652116207.3216705,0.0,0.0
0.5,0.0,570622918.9188758,1282475207.3075857,760773925.1920457,0.0,0.0
0.75,0.0,570622918.9188758,1056888068.8058375,912894730.210532,0.0,0.0
1.0,0.0,570622918.9188758,1179120614.930171,1141075937.7382305,0.0,0.0
0.0,50.0,570622918.9188758,1141075937.7382307,1150432066.04773,24151371318.647087,7473882422.76634
0.25,50.0,570622918.9188758,1412733232.9086921,1257266954.260664,24151371318.647087,7473882422.76634
0.5,50.0,570622918.9188758,1410420193.9043262,1248059938.9636617,24151371318.647087,7473882422.76634
0.75,50.0,570622918.9188758,1408054144.5475504,1197179237.125832,24151371318.647087,7473882422.76634
1.0,50.0,570622918.9188758,1389712699.0450952,1140952302.9815888,24151371318.647087,7473882422.76634
0.0,50.0,570622918.9188758,1141075937.7382307,1140943833.6497514,24081939911.17289,7475339929.79116
0.25,50.0,570622918.9188758,1419107961.4845288,1243317348.8881617,24081939911.17289,7475339929.79116
0.5,50.0,570622918.9188758,1420180526.2563274,1226567190.0918005,24081939911.17289,7475339929.79116
0.75,50.0,570622918.9188758,1410883649.9088373,1182628733.8449054,24081939911.17289,7475339929.79116
1.0,50.0,570622918.9188758,1414018881.2050285,1140949521.202883,24081939911.17289,7475339929.79116
0.0,50.0,570622918.9188758,1141075937.7382307,1171163766.4677932,24109222131.619762,7470909156.548718
0.25,50.0,570622918.9188758,1379436451.5853012,1275595103.0532987,24109222131.619762,7470909156.548718
0.5,50.0,570622918.9188758,1407164705.93467,1257856321.1249757,24109222131.619762,7470909156.548718
0.75,50.0,570622918.9188758,1371626830.834482,1203384429.6836083,24109222131.619762,7470909156.548718
1.0,50.0,570622918.9188758,1366208391.7890794,1140952387.0905812,24109222131.619762,7470909156.548718
0.0,50.0,570622918.9188758,1141075937.7382307,1155616535.1609087,24166752726.64677,7479496162.531952
0.25,50.0,570622918.9188758,1374833105.195853,1259284009.2604651,24166752726.64677,7479496162.531952
0.5,50.0,570622918.9188758,1380706476.28598,1241679361.9563737,24166752726.64677,7479496162.531952
0.75,50.0,570622918.9188758,1407812393.309357,1191195473.0824869,24166752726.64677,7479496162.531952
1.0,50.0,570622918.9188758,1439158447.2528322,1140949815.332083,24166752726.64677,7479496162.531952
0.0,50.0,570622918.9188758,1141075937.7382307,1151321474.656129,24215561032.921062,7495057778.720137
0.25,50.0,570622918.9188758,1408568381.418683,1255093893.8696961,24215561032.921062,7495057778.720137
0.5,50.0,570622918.9188758,1411351019.8156867,1243756122.4761596,24215561032.921062,7495057778.720137
0.75,50.0,570622918.9188758,1381339853.1406755,1192940708.9901001,24215561032.921062,7495057778.720137
1.0,50.0,570622918.9188758,1361972915.0007768,1140951076.185214,24215561032.921062,7495057778.720137
0.0,100.0,570622918.9188758,1141075937.7382307,1285343699.4633992,48806547472.07443,14777760189.507988
0.25,100.0,570622918.9188758,1360062062.525865,1380554465.5032547,48806547472.07443,14777760189.507988
0.5,100.0,570622918.9188758,1425453379.1190178,1311235765.7612402,48806547472.07443,14777760189.507988
0.75,100.0,570622918.9188758,1417077290.842217,1218684652.0580237,48806547472.07443,14777760189.507988
1.0,100.0,570622918.9188758,1410807512.0267138,1140942989.1851065,48806547472.07443,14777760189.507988
0.0,100.0,570622918.9188758,1141075937.7382307,1282524048.7795434,48905667797.891174,14819405886.514788
0.25,100.0,570622918.9188758,1416614272.6219964,1374732584.0266628,48905667797.891174,14819405886.514788
0.5,100.0,570622918.9188758,1380479239.3779433,1312704871.5720263,48905667797.891174,14819405886.514788
0.75,100.0,570622918.9188758,1411459287.2598267,1226582801.490166,48905667797.891174,14819405886.514788
1.0,100.0,570622918.9188758,1363721964.8775892,1140949648.9148762,48905667797.891174,14819405886.514788
0.0,100.0,570622918.9188758,1141075937.7382307,1257599514.0960493,49187499023.135414,14930817685.052645
0.25,100.0,570622918.9188758,1403593763.9699836,1346285887.0315914,49187499023.135414,14930817685.052645
0.5,100.0,570622918.9188758,1413817337.7316754,1296811032.1443152,49187499023.135414,14930817685.052645
0.75,100.0,570622918.9188758,1422099951.532328,1216572530.682019,49187499023.135414,14930817685.052645
1.0,100.0,570622918.9188758,1392248411.658653,1140947573.9995708,49187499023.135414,14930817685.052645
0.0,100.0,570622918.9188758,1141075937.7382307,1257394897.7312412,48847141451.30004,14797210434.56107
0.25,100.0,570622918.9188758,1404947436.4547484,1349500552.3366218,48847141451.30004,14797210434.56107
0.5,100.0,570622918.9188758,1421598825.9074345,1297802750.6633565,48847141451.30004,14797210434.56107
0.75,100.0,570622918.9188758,1452276634.4321792,1216884966.8987074,48847141451.30004,14797210434.56107
1.0,100.0,570622918.9188758,1414998282.0408297,1140951163.85382,48847141451.30004,14797210434.56107
0.0,100.0,570622918.9188758,1141075937.7382307,1306524761.9068038,48825189166.39259,14733315780.124197
0.25,100.0,570622918.9188758,1372434374.6406326,1397673935.14821,48825189166.39259,14733315780.124197
0.5,100.0,570622918.9188758,1367777138.884438,1323114982.4842138,48825189166.39259,14733315780.124197
0.75,100.0,570622918.9188758,1447491566.9796903,1227235764.1098897,48825189166.39259,14733315780.124197
1.0,100.0,570622918.9188758,1375891308.0929022,1140949405.999585,48825189166.39259,14733315780.124197
0.0,150.0,570622918.9188758,1141075937.7382307,1375723633.1521711,73561742012.44005,22141512079.276318
0.25,150.0,570622918.9188758,1414096789.3338861,1453631403.2831876,73561742012.44005,22141512079.276318
0.5,150.0,570622918.9188758,1378400743.1346307,1363834235.5128295,73561742012.44005,22141512079.276318
0.75,150.0,570622918.9188758,1420409485.909244,1252089520.7287478,73561742012.44005,22141512079.276318
1.0,150.0,570622918.9188758,1380663164.15063,1140949337.0502162,73561742012.44005,22141512079.276318
0.0,150.0,570622918.9188758,1141075937.7382307,1359637222.9139261,73779699875.35861,22187181185.500744
0.25,150.0,570622918.9188758,1421077424.5689907,1442450715.4578269,73779699875.35861,22187181185.500744
0.5,150.0,570622918.9188758,1418661561.3625479,1353639311.9880676,73779699875.35861,22187181185.500744
0.75,150.0,570622918.9188758,1409513758.0888891,1239273595.6687984,73779699875.35861,22187181185.500744
1.0,150.0,570622918.9188758,1378139808.7201855,1140948669.5706239,73779699875.35861,22187181185.500744
0.0,150.0,570622918.9188758,1141075937.7382307,1366706799.8451443,73569458280.14491,22082002729.34866
0.25,150.0,570622918.9188758,1369567492.987755,1448470011.3654103,73569458280.14491,22082002729.34866
0.5,150.0,570622918.9188758,1416447101.0340319,1358452093.6126432,73569458280.14491,22082002729.34866
0.75,150.0,570622918.9188758,1412324652.4999988,1241351125.4967,73569458280.14491,22082002729.34866
1.0,150.0,570622918.9188758,1425627035.1808984,1140946721.2505028,73569458280.14491,22082002729.34866
0.0,150.0,570622918.9188758,1141075937.7382307,1419937772.7412887,72935977122.16164,21954037996.04432
0.25,150.0,570622918.9188758,1366487377.3591394,1496668382.6176286,72935977122.16164,21954037996.04432
0.5,150.0,570622918.9188758,1443272959.5945792,1382241756.0814486,72935977122.16164,21954037996.04432
0.75,150.0,570622918.9188758,1419626225.0233643,1251276049.297545,72935977122.16164,21954037996.04432
1.0,150.0,570622918.9188758,1375256583.1740103,1140948078.0838594,72935977122.16164,21954037996.04432
0.0,150.0,570622918.9188758,1141075937.7382307,1374354592.184162,74060449014.30376,22174583155.077644
0.25,150.0,570622918.9188758,1415058455.770815,1450687691.60246,74060449014.30376,22174583155.077644
0.5,150.0,570622918.9188758,1391841365.0858543,1356481282.1479857,74060449014.30376,22174583155.077644
0.75,150.0,570622918.9188758,1421331101.5574603,1244087130.9829412,74060449014.30376,22174583155.077644
1.0,150.0,570622918.9188758,1379679771.2267747,1140948693.2437277,74060449014.30376,22174583155.077644
0.0,200.0,570622918.9188758,1141075937.7382307,1416437601.46918,98094557450.26834,29139818010.76255
0.25,200.0,570622918.9188758,1422107106.5110838,1502601743.3564513,98094557450.26834,29139818010.76255
0.5,200.0,570622918.9188758,1444821145.645629,1386953174.5122313,98094557450.26834,29139818010.76255
0.75,200.0,570622918.9188758,1378609966.5552247,1253752857.4527888,98094557450.26834,29139818010.76255
1.0,200.0,570622918.9188758,1415016339.4850543,1140950617.1359632,98094557450.26834,29139818010.76255
0.0,200.0,570622918.9188758,1141075937.7382307,1422391463.780513,98739249689.12119,29525245493.40537
0.25,200.0,570622918.9188758,1368222111.6753886,1497228767.3514376,98739249689.12119,29525245493.40537
0.5,200.0,570622918.9188758,1415651857.6633515,1387798847.6945803,98739249689.12119,29525245493.40537
0.75,200.0,570622918.9188758,1440291573.610062,1262794397.9764247,98739249689.12119,29525245493.40537
1.0,200.0,570622918.9188758,1412366621.2521172,1140945154.3758872,98739249689.12119,29525245493.40537
0.0,200.0,570622918.9188758,1141075937.7382307,1434046715.1795206,98024115611.46286,29248118589.516983
0.25,200.0,570622918.9188758,1412448823.4836004,1505708166.4163978,98024115611.46286,29248118589.516983
0.5,200.0,570622918.9188758,1413657387.4110448,1386236873.3530421,98024115611.46286,29248118589.516983
0.75,200.0,570622918.9188758,1414675263.3389268,1249079775.2384727,98024115611.46286,29248118589.516983
1.0,200.0,570622918.9188758,1375322383.9725227,1140949289.408481,98024115611.46286,29248118589.516983
0.0,200.0,570622918.9188758,1141075937.7382307,1419924862.0345454,98036318613.38039,29218020277.17941
0.25,200.0,570622918.9188758,1404895067.1487074,1489422359.7669446,98036318613.38039,29218020277.17941
0.5,200.0,570622918.9188758,1380211709.8204184,1371107676.4902697,98036318613.38039,29218020277.17941
0.75,200.0,570622918.9188758,1410605787.6668885,1250105142.4888957,98036318613.38039,29218020277.17941
1.0,200.0,570622918.9188758,1382070690.274465,1140947215.0730648,98036318613.38039,29218020277.17941
0.0,200.0,570622918.9188758,1141075937.7382307,1403454474.2824836,98465087593.80037,29296429822.74064
0.25,200.0,570622918.9188758,1363013804.730914,1474494773.1469247,98465087593.80037,29296429822.74064
0.5,200.0,570622918.9188758,1397373274.1871083,1369068053.5081022,98465087593.80037,29296429822.74064
0.75,200.0,570622918.9188758,1373217562.9671328,1248650198.1865993,98465087593.80037,29296429822.74064
1.0,200.0,570622918.9188758,1416496085.4024997,1140949092.3543997,98465087593.80037,29296429822.74064
0.0,250.0,570622918.9188758,1141075937.7382307,1452581436.5128522,124067263997.52666,36957072280.898506
0.25,250.0,570622918.9188758,1415588596.1106193,1527471176.612532,124067263997.52666,36957072280.898506
0.5,250.0,570622918.9188758,1407717923.6068077,1403588249.7404218,124067263997.52666,36957072280.898506
0.75,250.0,570622918.9188758,1425160658.8280406,1258423838.0071712,124067263997.52666,36957072280.898506
1.0,250.0,570622918.9188758,1363657901.9493124,1140946346.3137605,124067263997.52666,36957072280.898506
0.0,250.0,570622918.9188758,1141075937.7382307,1442484050.7939382,123327834107.19766,36466679409.484375
0.25,250.0,570622918.9188758,1373657427.4780803,1501677989.741794,123327834107.19766,36466679409.484375
0.5,250.0,570622918.9188758,1416270967.6621795,1372758022.4264586,123327834107.19766,36466679409.484375
0.75,250.0,570622918.9188758,1415527155.5901353,1240974179.6129708,123327834107.19766,36466679409.484375
1.0,250.0,570622918.9188758,1380444075.8652532,1140947685.779407,123327834107.19766,36466679409.484375
0.0,250.0,570622918.9188758,1141075937.7382307,1477691240.7934065,124794137529.82472,37034797868.764496
0.25,250.0,570622918.9188758,1378924705.2922559,1542003066.4774764,124794137529.82472,37034797868.764496
0.5,250.0,570622918.9188758,1415902370.8528373,1407450856.0450194,124794137529.82472,37034797868.764496
0.75,250.0,570622918.9188758,1408922215.7431302,1266869757.8641338,124794137529.82472,37034797868.764496
1.0,250.0,570622918.9188758,1381221774.193381,1140949574.7631361,124794137529.82472,37034797868.764496
0.0,250.0,570622918.9188758,1141075937.7382307,1449047214.3998165,121840931590.19608,36130772700.90715
0.25,250.0,570622918.9188758,1375106388.7745607,1525762430.5790098,121840931590.19608,36130772700.90715
0.5,250.0,570622918.9188758,1405784173.7501464,1394988826.153452,121840931590.19608,36130772700.90715
0.75,250.0,570622918.9188758,1362482624.5946524,1260642855.6083233,121840931590.19608,36130772700.90715
1.0,250.0,570622918.9188758,1446084941.8133233,1140949451.545957,121840931590.19608,36130772700.90715
0.0,250.0,570622918.9188758,1141075937.7382307,1462588145.4098845,124535956802.86363,37247937216.58511
0.25,250.0,570622918.9188758,1360099949.1768398,1547922056.9407911,124535956802.86363,37247937216.58511
0.5,250.0,570622918.9188758,1385965102.7128894,1425999748.0124795,124535956802.86363,37247937216.58511
0.75,250.0,570622918.9188758,1379712283.5107052,1276503331.5657423,124535956802.86363,37247937216.58511
1.0,250.0,570622918.9188758,1384415227.0225313,1140941995.8072426,124535956802.86363,37247937216.58511
0.0,300.0,570622918.9188758,1141075937.7382307,1508724553.8453078,149227430316.57275,44188571505.54231
0.25,300.0,570622918.9188758,1414121180.8922253,1563959331.4694614,149227430316.57275,44188571505.54231
0.5,300.0,570622918.9188758,1416877721.4556623,1405581833.771563,149227430316.57275,44188571505.54231
0.75,300.0,570622918.9188758,1412067062.1210177,1256938951.139923,149227430316.57275,44188571505.54231
1.0,300.0,570622918.9188758,1381154255.2640312,1140946915.9333808,149227430316.57275,44188571505.54231
0.0,300.0,570622918.9188758,1141075937.7382307,1462101916.5954244,149388549122.36325,44242853933.4559
0.25,300.0,570622918.9188758,1412204132.9839828,1526567005.949564,149388549122.36325,44242853933.4559
0.5,300.0,570622918.9188758,1381663083.536728,1400183338.4992192,149388549122.36325,44242853933.4559
0.75,300.0,570622918.9188758,1379371330.1493723,1262053474.5475984,149388549122.36325,44242853933.4559
1.0,300.0,570622918.9188758,1376635812.8729672,1140943638.280074,149388549122.36325,44242853933.4559
0.0,300.0,570622918.9188758,1141075937.7382307,1477158436.72159,147981786667.24133,43973809312.675804
0.25,300.0,570622918.9188758,1373555566.14542,1546028831.1062965,147981786667.24133,43973809312.675804
0.5,300.0,570622918.9188758,1421773971.8255258,1412978618.0728343,147981786667.24133,43973809312.675804
0.75,300.0,570622918.9188758,1413952072.9025908,1270829957.513885,147981786667.24133,43973809312.675804
1.0,300.0,570622918.9188758,1369805169.4247978,1140943252.0494926,147981786667.24133,43973809312.675804
0.0,300.0,570622918.9188758,1141075937.7382307,1505499236.4974978,147830598681.03525,43716102537.512726
0.25,300.0,570622918.9188758,1375826441.0593107,1564258667.7456267,147830598681.03525,43716102537.512726
0.5,300.0,570622918.9188758,1415432334.3669004,1411763060.815918,147830598681.03525,43716102537.512726
0.75,300.0,570622918.9188758,1392021278.6891913,1259253184.594519,147830598681.03525,43716102537.512726
1.0,300.0,570622918.9188758,1414351801.9894235,1140943836.0466125,147830598681.03525,43716102537.512726
0.0,300.0,570622918.9188758,1141075937.7382307,1534794556.2194421,148458619968.66977,44081046230.98437
0.25,300.0,570622918.9188758,1417458958.2631226,1603163288.216926,148458619968.66977,44081046230.98437
0.5,300.0,570622918.9188758,1403786669.4271166,1439422481.0674787,148458619968.66977,44081046230.98437
0.75,300.0,570622918.9188758,1422239755.59899,1274945565.6644793,148458619968.66977,44081046230.98437
1.0,300.0,570622918.9188758,1379690400.9198096,1140945547.285664,148458619968.66977,44081046230.98437
0.0,350.0,570622918.9188758,1141075937.7382307,1512571262.3167856,173541558377.07816,51360480174.10675
0.25,350.0,570622918.9188758,1372533078.4853802,1572304239.7161422,173541558377.07816,51360480174.10675
0.5,350.0,570622918.9188758,1391034948.2601454,1409357903.3775427,173541558377.07816,51360480174.10675
0.75,350.0,570622918.9188758,1428059998.7123911,1256839882.6640291,173541558377.07816,51360480174.10675
1.0,350.0,570622918.9188758,1409986533.1035893,1140947031.4993713,173541558377.07816,51360480174.10675
0.0,350.0,570622918.9188758,1141075937.7382307,1549998601.6564527,172066767852.01294,50868549612.737434
0.25,350.0,570622918.9188758,1376315568.6140382,1616239615.009752,172066767852.01294,50868549612.737434
0.5,350.0,570622918.9188758,1420718920.9996355,1453552427.65136,172066767852.01294,50868549612.737434
0.75,350.0,570622918.9188758,1540114470.913221,1283904647.8110824,172066767852.01294,50868549612.737434
1.0,350.0,570622918.9188758,1418439328.189048,1140944049.4794042,172066767852.01294,50868549612.737434
0.0,350.0,570622918.9188758,1141075937.7382307,1524225866.169151,173567732998.5073,51267574362.2724
0.25,350.0,570622918.9188758,1420347711.2378237,1582838265.9841354,173567732998.5073,51267574362.2724
0.5,350.0,570622918.9188758,1440916570.7341096,1427120167.468807,173567732998.5073,51267574362.2724
0.75,350.0,570622918.9188758,1371080461.1850932,1285245885.5440056,173567732998.5073,51267574362.2724
1.0,350.0,570622918.9188758,1410438792.9984443,1140948871.0450485,173567732998.5073,51267574362.2724
0.0,350.0,570622918.9188758,1141075937.7382307,1552155727.931932,174947878983.9367,51940190633.10845
0.25,350.0,570622918.9188758,1381006929.4885917,1608853167.1420848,174947878983.9367,51940190633.10845
0.5,350.0,570622918.9188758,1385046287.2227068,1456142701.115649,174947878983.9367,51940190633.10845
0.75,350.0,570622918.9188758,1422221340.3299463,1286373724.243861,174947878983.9367,51940190633.10845
1.0,350.0,570622918.9188758,1370766137.684389,1140945621.375343,174947878983.9367,51940190633.10845
0.0,350.0,570622918.9188758,1141075937.7382307,1536107708.7253857,172741961074.5451,51215844241.234856
0.25,350.0,570622918.9188758,1369807063.9836655,1610938942.2619486,172741961074.5451,51215844241.234856
0.5,350.0,570622918.9188758,1381437161.3758395,1447036160.8037171,172741961074.5451,51215844241.234856
0.75,350.0,570622918.9188758,1395178361.0390074,1274294908.8736823,172741961074.5451,51215844241.234856
1.0,350.0,570622918.9188758,1408317820.909426,1140944929.5190115,172741961074.5451,51215844241.234856
0.0,400.0,570622918.9188758,1141075937.7382307,1559270602.5410128,199661714226.57016,59306866490.46293
0.25,400.0,570622918.9188758,1413562016.834067,1619258802.5089948,199661714226.57016,59306866490.46293
0.5,400.0,570622918.9188758,1390734408.609674,1459569460.8322184,199661714226.57016,59306866490.46293
0.75,400.0,570622918.9188758,1408699360.7237298,1294723670.536952,199661714226.57016,59306866490.46293
1.0,400.0,570622918.9188758,1413025570.5789597,1140943567.132458,199661714226.57016,59306866490.46293
0.0,400.0,570622918.9188758,1141075937.7382307,1568508494.400387,196708207595.62643,57765202479.09288
0.25,400.0,570622918.9188758,1407168833.2568805,1626786209.9329257,196708207595.62643,57765202479.09288
0.5,400.0,570622918.9188758,1424141172.7566173,1448673949.171726,196708207595.62643,57765202479.09288
0.75,400.0,570622918.9188758,1405745554.2143734,1274110320.2472851,196708207595.62643,57765202479.09288
1.0,400.0,570622918.9188758,1377105763.7565188,1140949329.7689548,196708207595.62643,57765202479.09288
0.0,400.0,570622918.9188758,1141075937.7382307,1552619740.8407888,197284218989.1946,58232217597.45556
0.25,400.0,570622918.9188758,1419423549.1460047,1624900902.0504363,197284218989.1946,58232217597.45556
0.5,400.0,570622918.9188758,1416414235.6766577,1447666295.0812917,197284218989.1946,58232217597.45556
0.75,400.0,570622918.9188758,1366686380.348183,1278194128.3892646,197284218989.1946,58232217597.45556
1.0,400.0,570622918.9188758,1541472348.7974787,1140943242.4574552,197284218989.1946,58232217597.45556
0.0,400.0,570622918.9188758,1141075937.7382307,1536451076.7273512,197187324636.1416,58208636674.81413
0.25,400.0,570622918.9188758,1374792720.0913415,1600985896.8367002,197187324636.1416,58208636674.81413
0.5,400.0,570622918.9188758,1403440022.260181,1444763572.9642143,197187324636.1416,58208636674.81413
0.75,400.0,570622918.9188758,1381870581.8124135,1275879548.9575071,197187324636.1416,58208636674.81413
1.0,400.0,570622918.9188758,1413153651.5014837,1140944931.4722471,197187324636.1416,58208636674.81413
0.0,400.0,570622918.9188758,1141075937.7382307,1547420223.530695,198095772937.4677,58479012681.73429
0.25,400.0,570622918.9188758,1378075060.754207,1610130873.9127367,198095772937.4677,58479012681.73429
0.5,400.0,570622918.9188758,1413567695.4092429,1438023419.9484377,198095772937.4677,58479012681.73429
0.75,400.0,570622918.9188758,1381399192.931669,1279272207.8872046,198095772937.4677,58479012681.73429
1.0,400.0,570622918.9188758,1385529330.0956728,1140941836.1174455,198095772937.4677,58479012681.73429
0.0,450.0,570622918.9188758,1141075937.7382307,1616204800.2338524,222433412802.41028,65676622427.15707
0.25,450.0,570622918.9188758,1405087004.706565,1681594685.0822704,222433412802.41028,65676622427.15707
0.5,450.0,570622918.9188758,1410609330.7338626,1492018307.056304,222433412802.41028,65676622427.15707
0.75,450.0,570622918.9188758,1407486853.2077873,1299131558.9828556,222433412802.41028,65676622427.15707
1.0,450.0,570622918.9188758,1412610062.6182308,1140943809.6140683,222433412802.41028,65676622427.15707
0.0,450.0,570622918.9188758,1141075937.7382307,1564508019.214462,223118854477.66296,65895244244.89682
0.25,450.0,570622918.9188758,1382533636.8761961,1623310707.590532,223118854477.66296,65895244244.89682
0.5,450.0,570622918.9188758,1412111764.1658545,1442268956.559749,223118854477.66296,65895244244.89682
0.75,450.0,570622918.9188758,1379254475.0162191,1275400202.7990158,223118854477.66296,65895244244.89682
1.0,450.0,570622918.9188758,1410342228.0035622,1140944219.3564386,223118854477.66296,65895244244.89682
0.0,450.0,570622918.9188758,1141075937.7382307,1581797543.6826458,222596030499.7642,65497931308.032555
0.25,450.0,570622918.9188758,1363401324.5390048,1635354971.6199846,222596030499.7642,65497931308.032555
0.5,450.0,570622918.9188758,1379283718.5129585,1460669272.849019,222596030499.7642,65497931308.032555
0.75,450.0,570622918.9188758,1379435690.4853292,1291297968.4984827,222596030499.7642,65497931308.032555
1.0,450.0,570622918.9188758,1400862433.0910726,1140943555.9071202,222596030499.7642,65497931308.032555
0.0,450.0,570622918.9188758,1141075937.7382307,1603501594.7634876,222599804376.7621,65795271266.720985
0.25,450.0,570622918.9188758,1414264800.0268154,1652206838.5366857,222599804376.7621,65795271266.720985
0.5,450.0,570622918.9188758,1418952950.802411,1464856343.4361122,222599804376.7621,65795271266.720985
0.75,450.0,570622918.9188758,1445185544.7271204,1277723861.7280824,222599804376.7621,65795271266.720985
1.0,450.0,570622918.9188758,1416836418.5937912,1140946569.7315185,222599804376.7621,65795271266.720985
0.0,450.0,570622918.9188758,1141075937.7382307,1536816065.3682313,224344172416.8077,66676683607.97547
0.25,450.0,570622918.9188758,1386969773.7959867,1595815407.0474803,224344172416.8077,66676683607.97547
0.5,450.0,570622918.9188758,1414364245.9920201,1443095177.0878732,224344172416.8077,66676683607.97547
0.75,450.0,570622918.9188758,1413966545.6586974,1276820637.2881413,224344172416.8077,66676683607.97547
1.0,450.0,570622918.9188758,1406263018.9905283,1140944069.5715153,224344172416.8077,66676683607.97547
0.0,0.0,567030064.5680966,1133883363.5583699,567030064.5680966,0.0,0.0
0.25,0.0,567030064.5680966,1183452563.1595376,648009107.2810183,0.0,0.0
0.5,0.0,567030064.5680966,1214964632.4904552,755981164.2315782,0.0,0.0
0.75,0.0,567030064.5680966,1199985014.450722,907142043.9623111,0.0,0.0
1.0,0.0,567030064.5680966,1038925024.2200938,1133883363.558369,0.0,0.0
0.0,0.0,567030064.5680966,1133883363.5583699,567030064.5680966,0.0,0.0
0.25,0.0,567030064.5680966,1109233254.8095188,648009107.2810183,0.0,0.0
0.5,0.0,567030064.5680966,1273765818.9391794,755981164.2315782,0.0,0.0
0.75,0.0,567030064.5680966,1222713443.845617,907142043.9623111,0.0,0.0
1.0,0.0,567030064.5680966,1179011610.4652216,1133883363.558369,0.0,0.0
0.0,0.0,567030064.5680966,1133883363.5583699,567030064.5680966,0.0,0.0
0.25,0.0,567030064.5680966,1103643363.1366262,648009107.2810183,0.0,0.0
0.5,0.0,567030064.5680966,1302149597.328346,755981164.2315782,0.0,0.0
0.75,0.0,567030064.5680966,1200488427.406658,907142043.9623111,0.0,0.0
1.0,0.0,567030064.5680966,1213357219.5215497,1133883363.558369,0.0,0.0
0.0,0.0,567030064.5680966,1133883363.5583699,567030064.5680966,0.0,0.0
0.25,0.0,567030064.5680966,1206153807.9072864,648009107.2810183,0.0,0.0
0.5,0.0,567030064.5680966,1245122702.0230937,755981164.2315782,0.0,0.0
0.75,0.0,567030064.5680966,1085708745.71232,907142043.9623111,0.0,0.0
1.0,0.0,567030064.5680966,1172965276.6486113,1133883363.558369,0.0,0.0
0.0,0.0,567030064.5680966,1133883363.5583699,567030064.5680966,0.0,0.0
0.25,0.0,567030064.5680966,1400458432.4713435,648009107.2810183,0.0,0.0
0.5,0.0,567030064.5680966,1255821924.3263705,755981164.2315782,0.0,0.0
0.75,0.0,567030064.5680966,1043661823.6707484,907142043.9623111,0.0,0.0
1.0,0.0,567030064.5680966,1056791002.4180834,1133883363.558369,0.0,0.0
0.0,50.0,567030064.5680966,1133883363.5583699,1157816918.7984502,24180759379.630386,7464203229.735933
0.25,50.0,567030064.5680966,1404657089.0162206,1263394087.8599424,24180759379.630386,7464203229.735933
0.5,50.0,567030064.5680966,1375301441.6489968,1247338442.0372727,24180759379.630386,7464203229.735933
0.75,50.0,567030064.5680966,1397438624.281746,1192780044.5464556,24180759379.630386,7464203229.735933
1.0,50.0,567030064.5680966,1371620686.0769773,1133752773.1047823,24180759379.630386,7464203229.735933
0.0,50.0,567030064.5680966,1133883363.5583699,1139208122.4703765,24213211831.02688,7471869811.725077
0.25,50.0,567030064.5680966,1396725557.1607692,1241685563.6616857,24213211831.02688,7471869811.725077
0.5,50.0,567030064.5680966,1402693026.600841,1227100321.0260093,24213211831.02688,7471869811.725077
0.75,50.0,567030064.5680966,1431680211.1036253,1179795695.2790208,24213211831.02688,7471869811.725077
1.0,50.0,567030064.5680966,1405634437.2219164,1133754715.620672,24213211831.02688,7471869811.725077
0.0,50.0,567030064.5680966,1133883363.5583699,1142379262.3298578,24366399970.40349,7562107543.892449
0.25,50.0,567030064.5680966,1410660737.9134686,1242034654.5645092,24366399970.40349,7562107543.892449
0.5,50.0,567030064.5680966,1360657898.7225022,1228295826.19748,24366399970.40349,7562107543.892449
0.75,50.0,567030064.5680966,1408261300.060085,1183717766.1094,24366399970.40349,7562107543.892449
1.0,50.0,567030064.5680966,1361455900.9935398,1133749339.827995,24366399970.40349,7562107543.892449
0.0,50.0,567030064.5680966,1133883363.5583699,1122105503.219397,24098119870.906223,7484247900.023539
0.25,50.0,567030064.5680966,1367256232.8227491,1224834345.0065725,24098119870.906223,7484247900.023539
0.5,50.0,567030064.5680966,1401063938.9963522,1216183967.979651,24098119870.906223,7484247900.023539
0.75,50.0,567030064.5680966,1362773268.3743365,1173201570.5658743,24098119870.906223,7484247900.023539
1.0,50.0,567030064.5680966,1373078969.5817,1133758402.4591253,24098119870.906223,7484247900.023539
0.0,50.0,567030064.5680966,1133883363.5583699,1151782343.7391791,24140784394.42901,7482846626.368924
0.25,50.0,567030064.5680966,1371161734.6453626,1256827209.8695319,24140784394.42901,7482846626.368924
0.5,50.0,567030064.5680966,1368191480.3804429,1238120606.327105,24140784394.42901,7482846626.368924
0.75,50.0,567030064.5680966,1402856366.596166,1181277973.208721,24140784394.42901,7482846626.368924
1.0,50.0,567030064.5680966,1516823987.1490865,1133757268.2386708,24140784394.42901,7482846626.368924
0.0,100.0,567030064.5680966,1133883363.5583699,1294295609.9977434,49040239555.75017,14910635692.491238
0.25,100.0,567030064.5680966,1352672014.9100995,1384686414.973084,49040239555.75017,14910635692.491238
0.5,100.0,567030064.5680966,1404358479.4287987,1319554830.566855,49040239555.75017,14910635692.491238
0.75,100.0,567030064.5680966,1371337262.5638404,1220501608.2213976,49040239555.75017,14910635692.491238
1.0,100.0,567030064.5680966,1410134996.290091,1133753376.688574,49040239555.75017,14910635692.491238
0.0,100.0,567030064.5680966,1133883363.5583699,1294110419.3739011,48671183448.03598,14753472400.093786
0.25,100.0,567030064.5680966,1378439296.3492734,1385737078.385837,48671183448.03598,14753472400.093786
0.5,100.0,567030064.5680966,1374122157.6681538,1312080290.3821363,48671183448.03598,14753472400.093786
0.75,100.0,567030064.5680966,1405008746.5172253,1213367789.5402267,48671183448.03598,14753472400.093786
1.0,100.0,567030064.5680966,1371905066.1341827,1133755935.716936,48671183448.03598,14753472400.093786
0.0,100.0,567030064.5680966,1133883363.5583699,1291237781.9417627,49089709501.42315,14879409166.540844
0.25,100.0,567030064.5680966,1408759224.0731494,1377395974.8224158,49089709501.42315,14879409166.540844
0.5,100.0,567030064.5680966,1373687886.6772552,1309253466.1432586,49089709501.42315,14879409166.540844
0.75,100.0,567030064.5680966,1401155782.6493616,1220033614.0348606,49089709501.42315,14879409166.540844
1.0,100.0,567030064.5680966,1372196259.65785,1133750301.8889797,49089709501.42315,14879409166.540844
0.0,100.0,567030064.5680966,1133883363.5583699,1272342434.6898768,48902665164.81603,14797078494.660257
0.25,100.0,567030064.5680966,1394805324.6911988,1368833560.7315538,48902665164.81603,14797078494.660257
0.5,100.0,567030064.5680966,1410193566.3023765,1314248861.516095,48902665164.81603,14797078494.660257
0.75,100.0,567030064.5680966,1397302888.1185122,1220291769.5964859,48902665164.81603,14797078494.660257
1.0,100.0,567030064.5680966,1363990700.1974745,1133752409.690796,48902665164.81603,14797078494.660257
0.0,100.0,567030064.5680966,1133883363.5583699,1297518962.308202,48931973054.30767,14819945767.99422
0.25,100.0,567030064.5680966,1366487560.8001714,1391752296.10785,48931973054.30767,14819945767.99422
0.5,100.0,567030064.5680966,1399481931.2139509,1325961062.1406872,48931973054.30767,14819945767.99422
0.75,100.0,567030064.5680966,1406479081.7957234,1232752026.6475947,48931973054.30767,14819945767.99422
1.0,100.0,567030064.5680966,1362184099.1337097,1133747391.0422702,48931973054.30767,14819945767.99422
0.0,150.0,567030064.5680966,1133883363.5583699,1392096978.3629065,74223702532.33682,22200206968.157856
0.25,150.0,567030064.5680966,1351627102.5725207,1469297268.2448993,74223702532.33682,22200206968.157856
0.5,150.0,567030064.5680966,1413599711.3295324,1356416563.2927055,74223702532.33682,22200206968.157856
0.75,150.0,567030064.5680966,1408175201.8521416,1232022851.015458,74223702532.33682,22200206968.157856
1.0,150.0,567030064.5680966,1367973336.9764378,1133748721.5649707,74223702532.33682,22200206968.157856
0.0,150.0,567030064.5680966,1133883363.5583699,1363683500.1938963,74054704183.4156,22220300033.90103
0.25,150.0,567030064.5680966,1364651012.1358864,1451436122.3988278,74054704183.4156,22220300033.90103
0.5,150.0,567030064.5680966,1370737022.5276434,1355535300.6592033,74054704183.4156,22220300033.90103
0.75,150.0,567030064.5680966,1404319247.0720296,1231630747.5513096,74054704183.4156,22220300033.90103
1.0,150.0,567030064.5680966,1402054353.123579,1133751070.3023427,74054704183.4156,22220300033.90103
0.0,150.0,567030064.5680966,1133883363.5583699,1369774073.0719092,73829261919.9799,22113942730.07501
0.25,150.0,567030064.5680966,1400269361.9401698,1453527548.7128644,73829261919.9799,22113942730.07501
0.5,150.0,567030064.5680966,1404226300.0187948,1348674931.6319127,73829261919.9799,22113942730.07501
0.75,150.0,567030064.5680966,1360793630.961801,1232213166.6356952,73829261919.9799,22113942730.07501
1.0,150.0,567030064.5680966,1411010607.2491577,1133751782.4706612,73829261919.9799,22113942730.07501
0.0,150.0,567030064.5680966,1133883363.5583699,1359035513.062625,73516279191.95091,22097796948.708237
0.25,150.0,567030064.5680966,1397821205.7111175,1443812119.6022298,73516279191.95091,22097796948.708237
0.5,150.0,567030064.5680966,1428788779.0617828,1345077240.6977096,73516279191.95091,22097796948.708237
0.75,150.0,567030064.5680966,1404892337.8199575,1225312935.567896,73516279191.95091,22097796948.708237
1.0,150.0,567030064.5680966,1377876546.6917748,1133752584.531509,73516279191.95091,22097796948.708237
0.0,150.0,567030064.5680966,1133883363.5583699,1378593518.2407591,73175120743.27234,21991369154.09487
0.25,150.0,567030064.5680966,1349115464.2202742,1460615778.474838,73175120743.27234,21991369154.09487
0.5,150.0,567030064.5680966,1407347217.1579387,1354456663.4320307,73175120743.27234,21991369154.09487
0.75,150.0,567030064.5680966,1362555182.4028432,1235827996.2407396,73175120743.27234,21991369154.09487
1.0,150.0,567030064.5680966,1372361614.5055275,1133752238.7562597,73175120743.27234,21991369154.09487
0.0,200.0,567030064.5680966,1133883363.5583699,1453712421.3704298,99147011024.53415,29663384339.1163
0.25,200.0,567030064.5680966,1404945277.4955783,1528660595.2228415,99147011024.53415,29663384339.1163
0.5,200.0,567030064.5680966,1373413159.5909982,1399430653.48367,99147011024.53415,29663384339.1163
0.75,200.0,567030064.5680966,1372941108.3335185,1257447857.7901535,99147011024.53415,29663384339.1163
1.0,200.0,567030064.5680966,1398631025.270381,1133755118.3494859,99147011024.53415,29663384339.1163
0.0,200.0,567030064.5680966,1133883363.5583699,1425370592.5643902,98858746124.50612,29457721074.217
0.25,200.0,567030064.5680966,1397746874.3326325,1498001894.1222324,98858746124.50612,29457721074.217
0.5,200.0,567030064.5680966,1404232466.6971757,1380186724.7231352,98858746124.50612,29457721074.217
0.75,200.0,567030064.5680966,1398648476.986514,1249225336.4819336,98858746124.50612,29457721074.217
1.0,200.0,567030064.5680966,1398886929.0785851,1133744959.374437,98858746124.50612,29457721074.217
0.0,200.0,567030064.5680966,1133883363.5583699,1459670402.5540433,98901900171.45319,29605467721.51357
0.25,200.0,567030064.5680966,1406019108.59495,1525299190.8186371,98901900171.45319,29605467721.51357
0.5,200.0,567030064.5680966,1405022997.875102,1394971569.1204956,98901900171.45319,29605467721.51357
0.75,200.0,567030064.5680966,1406891813.5238125,1252302118.5878408,98901900171.45319,29605467721.51357
1.0,200.0,567030064.5680966,1405443115.2217786,1133749360.9331896,98901900171.45319,29605467721.51357
0.0,200.0,567030064.5680966,1133883363.5583699,1427177883.5105505,99149728330.3486,29693650100.065315
0.25,200.0,567030064.5680966,1399434580.316927,1500298641.8633504,99149728330.3486,29693650100.065315
0.5,200.0,567030064.5680966,1402218029.5672364,1386917095.1971078,99149728330.3486,29693650100.065315
0.75,200.0,567030064.5680966,1408608651.1779556,1251819715.0813155,99149728330.3486,29693650100.065315
1.0,200.0,567030064.5680966,1377794716.688973,1133751699.7612216,99149728330.3486,29693650100.065315
0.0,200.0,567030064.5680966,1133883363.5583699,1425618865.6320293,97893833162.64577,29258172746.613087
0.25,200.0,567030064.5680966,1359728975.5581949,1500883581.7895832,97893833162.64577,29258172746.613087
0.5,200.0,567030064.5680966,1374397223.8391051,1387237678.9302769,97893833162.64577,29258172746.613087
0.75,200.0,567030064.5680966,1401399849.0974028,1255093248.0876024,97893833162.64577,29258172746.613087
1.0,200.0,567030064.5680966,1381711963.0344584,1133748737.342317,97893833162.64577,29258172746.613087
0.0,250.0,567030064.5680966,1133883363.5583699,1473857069.2347646,123642205032.42633,36863530916.88335
0.25,250.0,567030064.5680966,1356702204.5046728,1541521861.8709254,123642205032.42633,36863530916.88335
0.5,250.0,567030064.5680966,1369894692.1173775,1412125852.7174745,123642205032.42633,36863530916.88335
0.75,250.0,567030064.5680966,1412866460.613173,1258505338.588285,123642205032.42633,36863530916.88335
1.0,250.0,567030064.5680966,1408545399.4549317,1133744117.8233883,123642205032.42633,36863530916.88335
0.0,250.0,567030064.5680966,1133883363.5583699,1476268606.4677017,123408020545.57474,36670658977.699814
0.25,250.0,567030064.5680966,1428274691.7038503,1547520867.6989381,123408020545.57474,36670658977.699814
0.5,250.0,567030064.5680966,1402365529.247578,1410144589.6119804,123408020545.57474,36670658977.699814
0.75,250.0,567030064.5680966,1364515273.5976372,1259475480.7717764,123408020545.57474,36670658977.699814
1.0,250.0,567030064.5680966,1373496050.3444314,1133751236.9199262,123408020545.57474,36670658977.699814
0.0,250.0,567030064.5680966,1133883363.5583699,1454154374.5865154,122883722090.5706,36658778707.638275
0.25,250.0,567030064.5680966,1371764694.3324106,1520195426.8248024,122883722090.5706,36658778707.638275
0.5,250.0,567030064.5680966,1383505616.1880777,1394160350.4370663,122883722090.5706,36658778707.638275
0.75,250.0,567030064.5680966,1358113583.8109512,1252509040.6715982,122883722090.5706,36658778707.638275
1.0,250.0,567030064.5680966,1437960442.0621278,1133749212.8608253,122883722090.5706,36658778707.638275
0.0,250.0,567030064.5680966,1133883363.5583699,1472668526.7996564,123593785249.18282,36746660211.096695
0.25,250.0,567030064.5680966,1371376045.5418897,1536706440.5587764,123593785249.18282,36746660211.096695
0.5,250.0,567030064.5680966,1408413331.6803632,1401833027.2565987,123593785249.18282,36746660211.096695
0.75,250.0,567030064.5680966,1407454139.2791204,1260669741.8795707,123593785249.18282,36746660211.096695
1.0,250.0,567030064.5680966,1353775756.026145,1133747245.3985074,123593785249.18282,36746660211.096695
0.0,250.0,567030064.5680966,1133883363.5583699,1444924759.3495383,123141204177.14708,36781584012.546326
0.25,250.0,567030064.5680966,1367665876.4937892,1510816184.6808264,123141204177.14708,36781584012.546326
0.5,250.0,567030064.5680966,1401996298.5808992,1391994226.2128692,123141204177.14708,36781584012.546326
0.75,250.0,567030064.5680966,1407551049.4230003,1252889343.6806977,123141204177.14708,36781584012.546326
1.0,250.0,567030064.5680966,1383023974.5338118,1133750773.9206681,123141204177.14708,36781584012.546326
0.0,300.0,567030064.5680966,1133883363.5583699,1460903980.643613,148593943777.18677,43926238102.4935
0.25,300.0,567030064.5680966,1394533988.668008,1525543094.622,148593943777.18677,43926238102.4935
0.5,300.0,567030064.5680966,1359136222.0675552,1394458515.9092023,148593943777.18677,43926238102.4935
0.75,300.0,567030064.5680966,1400905460.469478,1248513965.4459975,148593943777.18677,43926238102.4935
1.0,300.0,567030064.5680966,1403671015.36348,1133743592.4084618,148593943777.18677,43926238102.4935
0.0,300.0,567030064.5680966,1133883363.5583699,1503111461.5452266,147935429715.45935,44092967807.19427
0.25,300.0,567030064.5680966,1364845474.7229857,1562720046.5670276,147935429715.45935,44092967807.19427
0.5,300.0,567030064.5680966,1384918430.9504995,1419741216.3666964,147935429715.45935,44092967807.19427
0.75,300.0,567030064.5680966,1373370261.764481,1267814530.8703275,147935429715.45935,44092967807.19427
1.0,300.0,567030064.5680966,1431032670.6009705,1133750005.5055103,147935429715.45935,44092967807.19427
0.0,300.0,567030064.5680966,1133883363.5583699,1522184742.5457659,149226511468.59885,44220107696.176575
0.25,300.0,567030064.5680966,1400151625.5948565,1570204740.4943712,149226511468.59885,44220107696.176575
0.5,300.0,567030064.5680966,1378993504.8839152,1403893067.7218127,149226511468.59885,44220107696.176575
0.75,300.0,567030064.5680966,1425354607.612998,1248050621.121584,149226511468.59885,44220107696.176575
1.0,300.0,567030064.5680966,1406378911.760944,1133749672.648278,149226511468.59885,44220107696.176575
0.0,300.0,567030064.5680966,1133883363.5583699,1512014712.7306414,149573406374.07895,44637899907.781624
0.25,300.0,567030064.5680966,1390632144.0604832,1572404723.8908882,149573406374.07895,44637899907.781624
0.5,300.0,567030064.5680966,1402008156.9945376,1420769743.3070447,149573406374.07895,44637899907.781624
0.75,300.0,567030064.5680966,1362038938.5172133,1271656222.554589,149573406374.07895,44637899907.781624
1.0,300.0,567030064.5680966,1407945574.3753796,1133747333.522137,149573406374.07895,44637899907.781624
0.0,300.0,567030064.5680966,1133883363.5583699,1495387828.3728342,148637468888.39108,44129145321.4721
0.25,300.0,567030064.5680966,1398509161.1173863,1556332767.9641204,148637468888.39108,44129145321.4721
0.5,300.0,567030064.5680966,1401969301.9601934,1413523849.672191,148637468888.39108,44129145321.4721
0.75,300.0,567030064.5680966,1357505900.3955538,1263924018.867661,148637468888.39108,44129145321.4721
1.0,300.0,567030064.5680966,1374850986.937649,1133744612.048772,148637468888.39108,44129145321.4721
0.0,350.0,567030064.5680966,1133883363.5583699,1565171041.142269,172252378472.71835,51116564165.40982
0.25,350.0,567030064.5680966,1351034449.2962153,1620104269.6166334,172252378472.71835,51116564165.40982
0.5,350.0,567030064.5680966,1402222246.4833736,1450690182.7410493,172252378472.71835,51116564165.40982
0.75,350.0,567030064.5680966,1432843126.5758426,1280318897.7508163,172252378472.71835,51116564165.40982
1.0,350.0,567030064.5680966,1409803934.6663837,1133744886.5949254,172252378472.71835,51116564165.40982
0.0,350.0,567030064.5680966,1133883363.5583699,1506902693.7857933,173508739678.63776,51666339527.235306
0.25,350.0,567030064.5680966,1377381474.1076849,1560834844.4263012,173508739678.63776,51666339527.235306
0.5,350.0,567030064.5680966,1405696315.0056098,1401295262.6780598,173508739678.63776,51666339527.235306
0.75,350.0,567030064.5680966,1410678834.3940432,1246341717.8016717,173508739678.63776,51666339527.235306
1.0,350.0,567030064.5680966,1374999640.2719674,1133744309.5741756,173508739678.63776,51666339527.235306
0.0,350.0,567030064.5680966,1133883363.5583699,1501165104.7932158,172818175789.99307,51044754798.36426
0.25,350.0,567030064.5680966,1398933533.0685482,1563089403.8268237,172818175789.99307,51044754798.36426
0.5,350.0,567030064.5680966,1360150945.3136625,1413822999.833802,172818175789.99307,51044754798.36426
0.75,350.0,567030064.5680966,1363405278.8625865,1260067542.7920313,172818175789.99307,51044754798.36426
1.0,350.0,567030064.5680966,1408492985.1426513,1133746721.8608506,172818175789.99307,51044754798.36426
0.0,350.0,567030064.5680966,1133883363.5583699,1556211964.269607,171889284003.54834,50850015137.87039
0.25,350.0,567030064.5680966,1363947342.3288453,1608318533.1881797,171889284003.54834,50850015137.87039
0.5,350.0,567030064.5680966,1361743144.8941252,1434137446.4984703,171889284003.54834,50850015137.87039
0.75,350.0,567030064.5680966,1433327355.7828138,1267216442.333825,171889284003.54834,50850015137.87039
1.0,350.0,567030064.5680966,1373689983.943555,1133750944.5533473,171889284003.54834,50850015137.87039
0.0,350.0,567030064.5680966,1133883363.5583699,1514845288.370679,174110299388.6088,51771314433.36112
0.25,350.0,567030064.5680966,1396932255.4986358,1570861172.5064232,174110299388.6088,51771314433.36112
0.5,350.0,567030064.5680966,1401251974.803873,1413261405.7312126,174110299388.6088,51771314433.36112
0.75,350.0,567030064.5680966,1400070225.1987789,1261938986.26881,174110299388.6088,51771314433.36112
1.0,350.0,567030064.5680966,1372418538.0868552,1133748042.1584966,174110299388.6088,51771314433.36112
0.0,400.0,567030064.5680966,1133883363.5583699,1553948128.118113,198485772115.5294,58626343482.25632
0.25,400.0,567030064.5680966,1351632297.4090092,1598961056.3795195,198485772115.5294,58626343482.25632
0.5,400.0,567030064.5680966,1367949093.820108,1428479408.8548534,198485772115.5294,58626343482.25632
0.75,400.0,567030064.5680966,1406450297.9765697,1266449850.9338493,198485772115.5294,58626343482.25632
1.0,400.0,567030064.5680966,1383185062.6685612,1133753836.40112,198485772115.5294,58626343482.25632
0.0,400.0,567030064.5680966,1133883363.5583699,1535573789.920747,198538222805.81674,58769196208.760025
0.25,400.0,567030064.5680966,1351129183.0776227,1580774925.0315845,198538222805.81674,58769196208.760025
0.5,400.0,567030064.5680966,1407649580.542161,1420593179.9178703,198538222805.81674,58769196208.760025
0.75,400.0,567030064.5680966,1428932913.7969384,1265380457.865742,198538222805.81674,58769196208.760025
1.0,400.0,567030064.5680966,1409972347.711425,1133747755.1030824,198538222805.81674,58769196208.760025
0.0,400.0,567030064.5680966,1133883363.5583699,1533579032.869702,199778256325.0788,59539462599.46326
0.25,400.0,567030064.5680966,1367657508.9587157,1584388370.8411953,199778256325.0788,59539462599.46326
0.5,400.0,567030064.5680966,1395479482.5730133,1425562540.6384087,199778256325.0788,59539462599.46326
0.75,400.0,567030064.5680966,1433020108.9611511,1258280969.1881137,199778256325.0788,59539462599.46326
1.0,400.0,567030064.5680966,1407804339.6555347,1133748992.9480495,199778256325.0788,59539462599.46326
0.0,400.0,567030064.5680966,1133883363.5583699,1530637680.672894,196995275438.785,58482287731.10264
0.25,400.0,567030064.5680966,1393118420.202102,1588889906.1970637,196995275438.785,58482287731.10264
0.5,400.0,567030064.5680966,1412513163.8806686,1429806143.361026,196995275438.785,58482287731.10264
0.75,400.0,567030064.5680966,1399309218.4446664,1269625392.8317447,196995275438.785,58482287731.10264
1.0,400.0,567030064.5680966,1430942857.1845098,1133746862.2081456,196995275438.785,58482287731.10264
0.0,400.0,567030064.5680966,1133883363.5583699,1547638470.4135208,196034170400.70212,57930561839.404434
0.25,400.0,567030064.5680966,1371307660.146121,1588214662.6001122,196034170400.70212,57930561839.404434
0.5,400.0,567030064.5680966,1399130740.681307,1413066128.241781,196034170400.70212,57930561839.404434
0.75,400.0,567030064.5680966,1428465050.7979107,1250546889.8169618,196034170400.70212,57930561839.404434
1.0,400.0,567030064.5680966,1432760279.8828425,1133747682.4509513,196034170400.70212,57930561839.404434
0.0,450.0,567030064.5680966,1133883363.5583699,1585385354.283575,224370322237.85202,66271344040.04446
0.25,450.0,567030064.5680966,1397505179.978637,1625893154.5262678,224370322237.85202,66271344040.04446
0.5,450.0,567030064.5680966,1414030638.6500392,1426788849.1524801,224370322237.85202,66271344040.04446
0.75,450.0,567030064.5680966,1400474203.6233757,1251733935.4435055,224370322237.85202,66271344040.04446
1.0,450.0,567030064.5680966,1431097623.2990682,1133748203.7404072,224370322237.85202,66271344040.04446
0.0,450.0,567030064.5680966,1133883363.5583699,1542907605.3091798,225099976157.9061,66580789788.048416
0.25,450.0,567030064.5680966,1402443720.5168126,1599310097.264583,225099976157.9061,66580789788.048416
0.5,450.0,567030064.5680966,1403591782.371628,1435550042.2292502,225099976157.9061,66580789788.048416
0.75,450.0,567030064.5680966,1401746403.245349,1273538052.2833424,225099976157.9061,66580789788.048416
1.0,450.0,567030064.5680966,1372783601.6299424,1133752230.1030748,225099976157.9061,66580789788.048416
0.0,450.0,567030064.5680966,1133883363.5583699,1567246768.44234,222316016587.93274,65599165833.164925
0.25,450.0,567030064.5680966,1425733024.8826299,1615399951.737037,222316016587.93274,65599165833.164925
0.5,450.0,567030064.5680966,1370084662.5682075,1434009655.5145106,222316016587.93274,65599165833.164925
0.75,450.0,567030064.5680966,1407638625.0129058,1258785385.9516835,222316016587.93274,65599165833.164925
1.0,450.0,567030064.5680966,1372954396.353355,1133743537.8573616,222316016587.93274,65599165833.164925
0.0,450.0,567030064.5680966,1133883363.5583699,1601364748.2436707,221391568015.14478,65611775466.739784
0.25,450.0,567030064.5680966,1403705504.667519,1650967789.462627,221391568015.14478,65611775466.739784
0.5,450.0,567030064.5680966,1400307878.7809122,1466575506.313754,221391568015.14478,65611775466.739784
0.75,450.0,567030064.5680966,1361126850.2495954,1290444395.8474844,221391568015.14478,65611775466.739784
1.0,450.0,567030064.5680966,1411654368.183561,1133750060.7857256,221391568015.14478,65611775466.739784
0.0,450.0,567030064.5680966,1133883363.5583699,1551608698.191806,225010154039.56586,66982510494.73522
0.25,450.0,567030064.5680966,1351368631.5594025,1589589749.652413,225010154039.56586,66982510494.73522
0.5,450.0,567030064.5680966,1435544325.5799887,1420226626.74411,225010154039.56586,66982510494.73522
0.75,450.0,567030064.5680966,1397881225.167246,1256404563.0576656,225010154039.56586,66982510494.73522
1.0,450.0,567030064.5680966,1390854194.7438517,1133748139.4300718,225010154039.56586,66982510494.73522
